Item Name,Qty,Price (USD),Item link,Notes
Top Enclosure,1,$1.9,https://github.com/VX7FAR/Servo-Tester/tree/main/CAD,~38g from print legion
Middle Enclosure,1,$3.3,https://github.com/VX7FAR/Servo-Tester/tree/main/CAD,~66g from print legion
Bottom Panel,1,$0.75,https://github.com/VX7FAR/Servo-Tester/tree/main/CAD,~15g from print legion
Arduino Nano,1,$2.08,https://robu.in/product/arduino-nano-board-3-0-with-ch340-chip-unsoldered/,Not soldered cuz I will solder the male pins
"0.91"" OLED Display Module",1,$1.76,https://robu.in/product/blue-oled-display-module/,
Arduino NanoData Cable,1,$0.3,https://robu.in/product/cable-arduino-nano-usb-2-0-usb-2-0-mini-b-20cm/,For data transfer
Slide/Toggle Switch,1,$0.1,https://robu.in/product/1-month-warranty-260/,I will try to buy this locally on my own
Push Button,2,$0.23,https://robu.in/product/6x6x5-tactile-push-button-switch/,I will buy the one with long head locally but I gave that link cuz it’s the only one I can find
PCB,1,$17.4,https://robu.in/product/online-pcb-manufacturing-service/,Price is high so if I cant adjust in my grant I will use zero pcb
Zero PCB,1,$0.61,https://robu.in/product/79-cm-universal-pcb-prototype-board-double-sided/,alternative if pcb doesn’t work for me
Battery,1,$0.21,https://robu.in/product/9v-original-hw-high-quality-battery-5pcs/,The shown price is high so I will buy this locally on my own
Male connector pins X11,1,$0.1,https://robu.in/product/1x40-berg-strip-male-connector/,
,,,,
,,,,
"Total (Minimum, shipping excl.)",$10.8,,,
"Total (Maximum, shipping excl.)",$28,,,
